{
  "view": {
    "center": [-8181982.573305608, 5969615.322970143],
    "zoom": 7,
    "projection": "EPSG:3857"
  }
}
